<?xml version="1.0" encoding="UTF-8"?>
<project-private xmlns="http://www.netbeans.org/ns/project-private/1">
    <editor-bookmarks xmlns="http://www.netbeans.org/ns/editor-bookmarks/2" lastBookmarkId="0"/>
    <open-files xmlns="http://www.netbeans.org/ns/projectui-open-files/2">
        <group>
            <file>file:/Users/chellong/Workspace/Java_JavaWeb/JavaWebTutorial/KyThuatLapTrinh/baiThucHanh5/src/DAO/Class.java</file>
            <file>file:/Users/chellong/Workspace/Java_JavaWeb/JavaWebTutorial/KyThuatLapTrinh/baiThucHanh5/src/DAO/Teacher.java</file>
            <file>file:/Users/chellong/Workspace/Java_JavaWeb/JavaWebTutorial/KyThuatLapTrinh/baiThucHanh5/src/DAO/Student.java</file>
            <file>file:/Users/chellong/Workspace/Java_JavaWeb/JavaWebTutorial/KyThuatLapTrinh/baiThucHanh5/src/DAO/Person.java</file>
        </group>
    </open-files>
</project-private>
